Id,Full Name,Address,age,gender,Latitude,Longitude,Email Adress
10,Adam Martinez,"China, Beijing Shi ",30,Female,40,116,adam.martinez@internalmail
20,Adam Miller,"193, Bannerghatta Main Rd ",68,Female,13,78,adam.miller@internalmail
30,Adam Walker,Behrenstraße 42 ,70,Female,53,13,adam.walker@internalmail
40,Adan Lamica,Behrenstraße 42 ,72,Female,53,13,adan.lamica@internalmail
50,Adeline Iannotti,Floreasca Park 43 Soseaua ,16,Female,44,26,adeline.iannotti@internalmail
60,Albert Altmeer,"Juana Manso 1069,",31,Female,-35,-58,albert.altmeer@internalmail
70,Alex Binette,233 South Wacker Dr ,18,Male,42,-88,alex.binette@internalmail
80,Alex Loera,233 South Wacker Dr ,60,Female,42,-88,alex.loera@internalmail
90,Ali Brengle,Woodmead North Office Park ,65,Female,-26,28,ali.brengle@internalmail
100,Alva Halajian,Woodmead North Office Park ,74,Male,-26,28,alva.halajian@internalmail
110,Alvin Gagner,1391 Tiamiyu Savage St,98,Female,6,3,alvin.gagner@internalmail
120,Alwin Elliott,One South Place London ,74,Male,52,0,alwin.elliott@internalmail
130,Ambrose Hiday,C/ José Echegaray 6B Las ,51,Male,40,-4,ambrose.hiday@internalmail
140,Ami Dardar,Montes Urales  470 P3 Col ,57,Female,19,-99,ami.dardar@internalmail
150,Anderson Keaffaber,Montes Urales 470 P3 Col,15,Male,19,-99,anderson.keaffaber@internalmail
160,Andrea James,First International FCU,75,Male,19,73,andrea.james@internalmail
170,Andrew Schieferstein,First International FCU,59,Male,19,73,andrew.schieferstein@internalmail
180,Andria Myles,"F-01/02, First Floor Salcon ",22,Female,29,77,andria.myles@internalmail
190,Angel Sakoda,205 Lexington ,19,Male,41,-74,angel.sakoda@internalmail
200,Angela Bailey,https://www.example.com,97,Male,,,angela.bailey@internalmail
210,Angelo Carreon,https://www.example.com,57,Female,,,angelo.carreon@internalmail
220,Anisa Kurtz,https://www.example.com,32,Male,,,anisa.kurtz@internalmail
230,Anna Murphy,Level 9 225 St Georges Terrace ,18,Female,-32,116,anna.murphy@internalmail
240,Annemarie Pinckney,Level 9 225 St Georges Terrace ,96,Female,-32,116,annemarie.pinckney@internalmail
250,Anthony Boone,Redwood Shores 500 ,16,Female,38,-122,anthony.boone@internalmail
260,Arron Waclawski,Redwood Shores 500 ,57,Female,38,-122,arron.waclawski@internalmail
270,Arthur Hill,1501 Fourth Avenue ,53,Female,48,-122,arthur.hill@internalmail
280,August Arouri,Riverside Corporate Park 4 ,69,Female,-34,151,august.arouri@internalmail
290,August Rupel,Rua Dr. Jose Aureo Bustamant,48,Male,-24,-47,august.rupel@internalmail
300,Ayana Barkhurst,"B, Aharon Bart St 18",83,Female,32,35,ayana.barkhurst@internalmail
310,Azalee Goodwater,2 Chome-5-? Kitaaoyama,73,Male,36,140,azalee.goodwater@internalmail
320,Barbara Allen,2 Chome-5-? Kitaaoyama,22,Female,36,140,barbara.allen@internalmail
330,Barry Tolliver,Hertogswetering 163,92,Male,52,5,barry.tolliver@internalmail
340,Beckie Lagrenade,"193, Bannerghatta Main Rd",89,Female,,,beckie.lagrenade@internalmail
350,Bernardo Phoenix,Behrenstraße 42 ,86,Male,,,bernardo.phoenix@internalmail
360,Bert Takes,Juana Manso 1069,74,Male,,,bert.takes@internalmail
370,Beverly Hughes,233 South Wacker Dr. 45th Floor ,34,Female,,,beverly.hughes@internalmail
380,Beverly Rivera,Woodmead North Office Park ,94,Male,,,beverly.rivera@internalmail
390,Boyd Rearden,One South Place London EC2M 2RB,45,Female,,,boyd.rearden@internalmail
400,Brandy Genco,Montes Urales # 470 P3 Col,76,Male,,,brandy.genco@internalmail
410,Bridgette Crevier,First International FCU,39,Male,,,bridgette.crevier@internalmail
420,Britney Gable,"F-01/02, First Floor Salcon ",23,Male,,,britney.gable@internalmail
430,Broderick Dourado,https://www.example.com,30,Female,,,broderick.dourado@internalmail
440,Broderick Faur,https://www.example.com,27,Male,,,broderick.faur@internalmail
450,Brooks Craker,Level 9 225 St Georges ,77,Female,,,brooks.craker@internalmail
460,Buster Landin,Redwood Shores 500 ,61,Male,,,buster.landin@internalmail
470,Carl Lee,Riverside Corporate Park 4 ,64,Female,,,carl.lee@internalmail
480,Carlos Maza,"B, Aharon Bart St 18",38,Female,,,carlos.maza@internalmail
490,Carlotta Achenbach,2 Chome-5-? Kitaaoyama,39,Female,,,carlotta.achenbach@internalmail
500,Carmella Avalos,"193, Bannerghatta Main Rd",25,Female,,,carmella.avalos@internalmail